[
  {
    "model": "compania_naviera.rol",
    "pk": 1,
    "fields": {
      "nombre": "Administrador",
      "descripcion": "Administra todo el sistema y los registros principales."
    }
  },
  

  {
    "model": "compania_naviera.usuariopersonalizado",
    "pk": 1,
    "fields": {
      "password": "pbkdf2_sha256$720000$admin$yTzyrj7Rr4Sa4H0BQwC81IvfY7Shz5m+3hIV2CJYdjk=",
      "last_login": null,
      "is_superuser": true,
      "username": "admin_naviera",
      "email": "admin@naviera.com",
      "is_staff": true,
      "is_active": true,
      "date_joined": "2024-11-01T00:00:00Z",
      "rol": 1,
      "groups": [],
      "user_permissions": []
    }
  },
  

  {
    "model": "compania_naviera.tiponavio",
    "pk": 1,
    "fields": {
      "nombre": "Premium Resort",
      "descripcion": "Crucero de alto lujo con suites panorámicas, gastronomía de autor y spa de talasoterapia."
    }
  },
  {
    "model": "compania_naviera.tiponavio",
    "pk": 2,
    "fields": {
      "nombre": "Expedición Polar",
      "descripcion": "Navío reforzado para travesías en zonas árticas con laboratorios y guías naturalistas."
    }
  },
  {
    "model": "compania_naviera.tiponavio",
    "pk": 3,
    "fields": {
      "nombre": "Familiar",
      "descripcion": "Diseñado para viajes en familia con clubes infantiles, actividades deportivas y camarotes conectados."
    }
  },
  {
    "model": "compania_naviera.navio",
    "pk": 1,
    "fields": {
      "nombre": "SEA Star Aurora",
      "altura": 72.5,
      "eslora": 285.0,
      "manga": 40.0,
      "desplazamiento": 140000.0,
      "autonomia_de_viaje": 52000,
      "cantidad_maxima_de_pasajeros": 4200,
      "cantidad_de_motores": 4,
      "tipo_navio": 1,
      "imagen": "https://images.unsplash.com/photo-1500687834377-1388ec3c5991?ixlib=rb-4.1.0&ixid=M3wxMjA3fDB8MHxwaG90by1wYWdlfHx8fGVufDB8fHx8fA%3D%3D&auto=format&fit=crop&q=80&w=327"
    }
  },
  {
    "model": "compania_naviera.navio",
    "pk": 2,
    "fields": {
      "nombre": "SEA Explorer Polaris",
      "altura": 58.0,
      "eslora": 210.0,
      "manga": 32.0,
      "desplazamiento": 95000.0,
      "autonomia_de_viaje": 67000,
      "cantidad_maxima_de_pasajeros": 1200,
      "cantidad_de_motores": 5,
      "tipo_navio": 2,
      "imagen": "https://images.unsplash.com/photo-1599640842225-85d111c60e6b?ixlib=rb-4.1.0&ixid=M3wxMjA3fDB8MHxwaG90by1wYWdlfHx8fGVufDB8fHx8fA%3D%3D&auto=format&fit=crop&q=80&w=774"
    }
  },
  {
    "model": "compania_naviera.navio",
    "pk": 3,
    "fields": {
      "nombre": "SEA Harmony Breeze",
      "altura": 65.0,
      "eslora": 250.0,
      "manga": 36.0,
      "desplazamiento": 108000.0,
      "autonomia_de_viaje": 45000,
      "cantidad_maxima_de_pasajeros": 3100,
      "cantidad_de_motores": 4,
      "tipo_navio": 3,
      "imagen": "https://images.unsplash.com/photo-1554254648-2d58a1bc3fd5?ixlib=rb-4.1.0&ixid=M3wxMjA3fDB8MHxwaG90by1wYWdlfHx8fGVufDB8fHx8fA%3D%3D&auto=format&fit=crop&q=80&w=871"
    }
  },
  {
    "model": "compania_naviera.cubierta",
    "pk": 1,
    "fields": {
      "numero_de_cubierta": 5,
      "navio": 1,
      "descripcion": "Cubierta principal con lobby panorámico, concierge y restaurantes signature.",
      "encargado": "Claudia Méndez"
    }
  },
  {
    "model": "compania_naviera.cubierta",
    "pk": 2,
    "fields": {
      "numero_de_cubierta": 8,
      "navio": 1,
      "descripcion": "Zona premium con piscinas infinitas, bares de autor y solárium privado.",
      "encargado": "Francisco Díaz"
    }
  },
  {
    "model": "compania_naviera.cubierta",
    "pk": 3,
    "fields": {
      "numero_de_cubierta": 3,
      "navio": 2,
      "descripcion": "Centro de expediciones con miradores calefaccionados y laboratorios científicos.",
      "encargado": "Isabella Kowalski"
    }
  },
  {
    "model": "compania_naviera.cubierta",
    "pk": 4,
    "fields": {
      "numero_de_cubierta": 4,
      "navio": 3,
      "descripcion": "Área familiar con piscinas climatizadas, cine 4D y gastronomía casual.",
      "encargado": "Diego Paredes"
    }
  },
  {
    "model": "compania_naviera.estadocamarote",
    "pk": 1,
    "fields": {
      "nombre": "Disponible",
      "descripcion": "Camarote listo para asignarse a nuevas reservas."
    }
  },
  {
    "model": "compania_naviera.estadocamarote",
    "pk": 2,
    "fields": {
      "nombre": "Reservado",
      "descripcion": "Camarote actualmente asociado a una reserva activa."
    }
  },
  {
    "model": "compania_naviera.estadocamarote",
    "pk": 3,
    "fields": {
      "nombre": "En mantenimiento",
      "descripcion": "Camarote bloqueado temporalmente por trabajos correctivos."
    }
  },
  {
    "model": "compania_naviera.tipocamarote",
    "pk": 1,
    "fields": {
      "nombre": "Suite Panorama",
      "descripcion": "Suite esquinera con balcón envolvente, mayordomo y amenities premium."
    }
  },
  {
    "model": "compania_naviera.tipocamarote",
    "pk": 2,
    "fields": {
      "nombre": "Balcón Deluxe",
      "descripcion": "Camarote con balcón privado, cama king y área de living."
    }
  },
  {
    "model": "compania_naviera.tipocamarote",
    "pk": 3,
    "fields": {
      "nombre": "Interior Familiar",
      "descripcion": "Opción económica con iluminación circadiana y literas para 4 personas."
    }
  },
  {
    "model": "compania_naviera.camarote",
    "pk": 1,
    "fields": {
      "numero_de_camarote": 5021,
      "cubierta": 1,
      "estado_camarote": 1,
      "tipo_camarote": 1,
      "imagen": "https://images.unsplash.com/photo-1582719478250-c89cae4dc85b?auto=format&fit=crop&w=1200&q=70",
      "capacidad": 2
    }
  },
  {
    "model": "compania_naviera.camarote",
    "pk": 2,
    "fields": {
      "numero_de_camarote": 5035,
      "cubierta": 1,
      "estado_camarote": 2,
      "tipo_camarote": 2,
      "imagen": "https://images.unsplash.com/photo-1505693497065-60ebeead2be9?auto=format&fit=crop&w=1200&q=70",
      "capacidad": 4
    }
  },
  {
    "model": "compania_naviera.camarote",
    "pk": 3,
    "fields": {
      "numero_de_camarote": 8042,
      "cubierta": 2,
      "estado_camarote": 1,
      "tipo_camarote": 3,
      "imagen": "https://images.unsplash.com/photo-1505691723518-36a5ac3be353?auto=format&fit=crop&w=1200&q=70",
      "capacidad": 4
    }
  },
  {
    "model": "compania_naviera.camarote",
    "pk": 4,
    "fields": {
      "numero_de_camarote": 305,
      "cubierta": 3,
      "estado_camarote": 1,
      "tipo_camarote": 2,
      "imagen": "https://images.unsplash.com/photo-1505692794403-55b39d64ac70?auto=format&fit=crop&w=1200&q=70",
      "capacidad": 3
    }
  },
  {
    "model": "compania_naviera.camarote",
    "pk": 5,
    "fields": {
      "numero_de_camarote": 412,
      "cubierta": 4,
      "estado_camarote": 1,
      "tipo_camarote": 3,
      "imagen": "https://images.unsplash.com/photo-1505693314120-0d443867891c?auto=format&fit=crop&w=1200&q=70",
      "capacidad": 4
    }
  },
  {
    "model": "compania_naviera.estadopasajero",
    "pk": 1,
    "fields": {
      "nombre": "Confirmado",
      "descripcion": "Pasajero con documentación aprobada y pago registrado."
    }
  },
  {
    "model": "compania_naviera.estadopasajero",
    "pk": 2,
    "fields": {
      "nombre": "Pendiente",
      "descripcion": "Pasajero con información pendiente de validación."
    }
  },
  {
    "model": "compania_naviera.estadopasajero",
    "pk": 3,
    "fields": {
      "nombre": "Cancelado",
      "descripcion": "Pasajero que no completó requisitos o canceló participación."
    }
  },
  {
    "model": "compania_naviera.tipoitinerario",
    "pk": 1,
    "fields": {
      "nombre": "Escapada Tropical",
      "descripcion": "Recorridos de clima cálido, playas paradisíacas y experiencias gastronómicas regionales."
    }
  },
  {
    "model": "compania_naviera.tipoitinerario",
    "pk": 2,
    "fields": {
      "nombre": "Expedición Ártica",
      "descripcion": "Exploración polar con desembarcos en zodiac, observación de fauna y charlas científicas."
    }
  },
  {
    "model": "compania_naviera.itinerario",
    "pk": 1,
    "fields": {
      "categoria": 1,
      "imagen": "https://images.unsplash.com/photo-1523906834658-6e24ef2386f9?auto=format&fit=crop&w=1200&q=70"
    }
  },
  {
    "model": "compania_naviera.itinerario",
    "pk": 2,
    "fields": {
      "categoria": 2,
      "imagen": "https://images.unsplash.com/photo-1513415564515-763d91423bdd?auto=format&fit=crop&w=1200&q=70"
    }
  },
  {
    "model": "compania_naviera.orden",
    "pk": 1,
    "fields": {
      "nombre": "Embarque en Buenos Aires",
      "descripcion": "Check-in premium en Terminal Quinquela y sailing party al atardecer.",
      "orden": 1,
      "itinerario": 1
    }
  },
  {
    "model": "compania_naviera.orden",
    "pk": 2,
    "fields": {
      "nombre": "Río de Janeiro",
      "descripcion": "Excursiones a Pan de Azúcar y sunset rooftop en Ipanema.",
      "orden": 2,
      "itinerario": 1
    }
  },
  {
    "model": "compania_naviera.orden",
    "pk": 3,
    "fields": {
      "nombre": "Salvador de Bahía",
      "descripcion": "Recorrido histórico por Pelourinho y cena de mariscos en el puerto.",
      "orden": 3,
      "itinerario": 1
    }
  },
  {
    "model": "compania_naviera.orden",
    "pk": 4,
    "fields": {
      "nombre": "Reykjavík",
      "descripcion": "Visita a Blue Lagoon y tour de auroras boreales.",
      "orden": 1,
      "itinerario": 2
    }
  },
  {
    "model": "compania_naviera.orden",
    "pk": 5,
    "fields": {
      "nombre": "Isla Baffin",
      "descripcion": "Desembarco en zodiac con guías y avistaje de glaciares.",
      "orden": 2,
      "itinerario": 2
    }
  },
  {
    "model": "compania_naviera.puerto",
    "pk": 1,
    "fields": {
      "nombre": "Puerto Buenos Aires",
      "orden": 1
    }
  },
  {
    "model": "compania_naviera.puerto",
    "pk": 2,
    "fields": {
      "nombre": "Puerto de Río",
      "orden": 2
    }
  },
  {
    "model": "compania_naviera.puerto",
    "pk": 3,
    "fields": {
      "nombre": "Terminal Salvador",
      "orden": 3
    }
  },
  {
    "model": "compania_naviera.puerto",
    "pk": 4,
    "fields": {
      "nombre": "Puerto Reykjavík",
      "orden": 4
    }
  },
  {
    "model": "compania_naviera.puerto",
    "pk": 5,
    "fields": {
      "nombre": "Puerto Qikiqtarjuaq",
      "orden": 5
    }
  },
  {
    "model": "compania_naviera.ubicacionpuerto",
    "pk": 1,
    "fields": {
      "puerto": 1,
      "nro_muelle": 12,
      "nombre": "Terminal Quinquela Martín"
    }
  },
  {
    "model": "compania_naviera.ubicacionpuerto",
    "pk": 2,
    "fields": {
      "puerto": 2,
      "nro_muelle": 8,
      "nombre": "Muelle Mauá"
    }
  },
  {
    "model": "compania_naviera.ubicacionpuerto",
    "pk": 3,
    "fields": {
      "puerto": 3,
      "nro_muelle": 5,
      "nombre": "Estación Marítima Salvador"
    }
  },
  {
    "model": "compania_naviera.ubicacionpuerto",
    "pk": 4,
    "fields": {
      "puerto": 4,
      "nro_muelle": 3,
      "nombre": "Harpa Cruise Pier"
    }
  },
  {
    "model": "compania_naviera.ubicacionpuerto",
    "pk": 5,
    "fields": {
      "puerto": 5,
      "nro_muelle": 1,
      "nombre": "Arctic Gateway"
    }
  },
  {
    "model": "compania_naviera.actividadposible",
    "pk": 1,
    "fields": {
      "nombre": "Clase de cocina bahiana",
      "descripcion": "Aprendé a cocinar moqueca con chefs locales."
    }
  },
  {
    "model": "compania_naviera.actividadposible",
    "pk": 2,
    "fields": {
      "nombre": "Trekking urbano en Río",
      "descripcion": "Caminata guiada por Santa Teresa y escalera de Selarón."
    }
  },
  {
    "model": "compania_naviera.actividadposible",
    "pk": 3,
    "fields": {
      "nombre": "Avistaje de ballenas",
      "descripcion": "Salida en zodiac para fotografiar ballenas jorobadas."
    }
  },
  {
    "model": "compania_naviera.actividadposible",
    "pk": 4,
    "fields": {
      "nombre": "Fotografía de auroras",
      "descripcion": "Workshop nocturno con fotógrafo profesional."
    }
  },
  {
    "model": "compania_naviera.puertoxactividad",
    "pk": 1,
    "fields": {
      "puerto": 2,
      "actividad": 2
    }
  },
  {
    "model": "compania_naviera.puertoxactividad",
    "pk": 2,
    "fields": {
      "puerto": 3,
      "actividad": 1
    }
  },
  {
    "model": "compania_naviera.puertoxactividad",
    "pk": 3,
    "fields": {
      "puerto": 4,
      "actividad": 4
    }
  },
  {
    "model": "compania_naviera.puertoxactividad",
    "pk": 4,
    "fields": {
      "puerto": 5,
      "actividad": 3
    }
  },
  {
    "model": "compania_naviera.viaje",
    "pk": 1,
    "fields": {
      "nombre": "Ruta Atlántica de Lujo",
      "descripcion": "15 noches navegando desde Buenos Aires hasta Salvador con experiencias gourmet y espectáculos inmersivos.",
      "fecha_de_salida": "2025-02-10",
      "fecha_fin": "2026-02-25",
      "hora_salida": "18:00:00",
      "hora_llegada": "07:30:00",
      "lugar_destino": "BR",
      "fecha_actual": "2024-12-15",
      "imagen": "https://images.unsplash.com/photo-1500530855697-b586d89ba3ee?auto=format&fit=crop&w=1200&q=70"
    }
  },
  {
    "model": "compania_naviera.viaje",
    "pk": 2,
    "fields": {
      "nombre": "Expedición Aurora Boreal",
      "descripcion": "Navegación ártica de temporada con desembarcos en Groenlandia y talleres de fotografía nocturna.",
      "fecha_de_salida": "2025-03-05",
      "fecha_fin": "2026-03-18",
      "hora_salida": "16:30:00",
      "hora_llegada": "09:15:00",
      "lugar_destino": "GL",
      "fecha_actual": "2024-12-20",
      "imagen": "https://images.unsplash.com/photo-1501785888041-af3ef285b470?auto=format&fit=crop&w=1200&q=70"
    }
  },
  {
    "model": "compania_naviera.viajexnavio",
    "pk": 1,
    "fields": {
      "navio": 1,
      "viaje": 1,
      "precio": 1890
    }
  },
  {
    "model": "compania_naviera.viajexnavio",
    "pk": 2,
    "fields": {
      "navio": 2,
      "viaje": 2,
      "precio": 3250
    }
  },
  {
    "model": "compania_naviera.viajexnavio",
    "pk": 3,
    "fields": {
      "navio": 3,
      "viaje": 1,
      "precio": 1495
    }
  },
  {
    "model": "compania_naviera.itinerarioviaje",
    "pk": 1,
    "fields": {
      "viaje": 1,
      "itinerario": 1
    }
  },
  {
    "model": "compania_naviera.itinerarioviaje",
    "pk": 2,
    "fields": {
      "viaje": 2,
      "itinerario": 2
    }
  },
  {
    "model": "compania_naviera.tripulante",
    "pk": 1,
    "fields": {
      "nombre": "Lucía Herrera",
      "legajo": "TRP-1021",
      "dni": "28765432",
      "direccion": "Av. Del Libertador 3210, Buenos Aires",
      "fecha_nacimiento": "1984-02-18",
      "nacionalidad": "AR",
      "genero": "F"
    }
  },
  {
    "model": "compania_naviera.tripulante",
    "pk": 2,
    "fields": {
      "nombre": "Erik Johansen",
      "legajo": "TRP-2094",
      "dni": "DK1234567",
      "direccion": "Nyhavn 45, Copenhague",
      "fecha_nacimiento": "1979-07-09",
      "nacionalidad": "DK",
      "genero": "M"
    }
  },
  {
    "model": "compania_naviera.tripulante",
    "pk": 3,
    "fields": {
      "nombre": "Valentina Costa",
      "legajo": "TRP-3107",
      "dni": "30123456",
      "direccion": "Rua Augusta 1120, São Paulo",
      "fecha_nacimiento": "1990-01-22",
      "nacionalidad": "BR",
      "genero": "F"
    }
  },
  {
    "model": "compania_naviera.asignaciontripulanteviaje",
    "pk": 1,
    "fields": {
      "tripulante": 1,
      "viaje_navio": 1,
      "fecha_inicio": "2025-02-05",
      "fecha_fin": "2025-02-26"
    }
  },
  {
    "model": "compania_naviera.asignaciontripulanteviaje",
    "pk": 2,
    "fields": {
      "tripulante": 3,
      "viaje_navio": 1,
      "fecha_inicio": "2025-02-08",
      "fecha_fin": "2025-02-25"
    }
  },
  {
    "model": "compania_naviera.asignaciontripulanteviaje",
    "pk": 3,
    "fields": {
      "tripulante": 2,
      "viaje_navio": 2,
      "fecha_inicio": "2025-02-28",
      "fecha_fin": "2025-03-20"
    }
  }
]